Passenger ID,Passenger Fare,Ticket Class,Ticket Number,Cabin,Embarkation Country,Name,Age,Gender,NumSiblingSpouse,NumParentChild,Survived
1,$18,2,237668,0,S,"Davis, Miss. Mary",28,female,0,0,Yes
2,$32.7208,1,PC 17605,0,C,"Stewart, Mr. Albert A",0,male,0,0,No
3,$44,2,29750,0,S,"Brown, Mr. Thomas William Solomon",60,male,1,1,No
4,$14.5,3,345778,0,S,"de Pelsmaeker, Mr. Alfons",16,male,0,0,No
5,$12.8958,3,349204,0,S,"Jonkoff, Mr. Lalio",23,male,0,0,No
6,$31,2,236853,0,S,"Bryhl, Mr. Kurt Arnold Gottfrid",25,male,1,0,No
7,$98.5,1,12749,B73,S,"Perreault, Miss. Anne",30,female,0,0,Yes
8,$13.6625,3,315088,0,S,"Dimic, Mr. Jovan",42,male,0,0,No
9,$12.8958,3,349218,0,S,"Nankoff, Mr. Minko",0,male,0,0,No
10,$34.7,1,11774,C47,C,"Marechal, Mr. Pierre",0,male,0,0,Yes
11,$20.5,3,364849,0,Q,"Bourke, Mrs. John (Catherine)",32,female,1,1,No
12,$12.8958,3,349215,0,S,"Petroff, Mr. Pastcho (""Pentcho"")",0,male,0,0,No
13,$40.5,1,19947,C52,S,"Woolner, Mr. Hugh",0,male,0,0,Yes
14,$12.25,3,SOTON/OQ 3101317,0,S,"Windelov, Mr. Einar",21,male,0,0,No
15,$31.55,1,113514,C87,S,"Stead, Mr. William Thomas",62,male,0,0,No
16,$139.5,1,16966,E40,C,"Burns, Miss. Elizabeth Margaret",41,female,0,0,Yes
17,$12.75,3,367231,0,Q,"Carr, Miss. Helen ""Ellen""",16,female,0,0,Yes
18,$115.8833,1,17421,0,C,"Fleming, Miss. Margaret",0,female,0,0,Yes
19,$18,2,244310,0,S,"Byles, Rev. Thomas Roussel Davids",42,male,0,0,No
20,$12.8958,3,349242,0,S,"Pavlovic, Mr. Stefo",32,male,0,0,No
21,$12.8958,3,349208,0,S,"Staneff, Mr. Ivan",0,male,0,0,No
22,$13.05,3,A/5 2817,0,S,"Peduzzi, Mr. Joseph",0,male,0,0,No
23,$13.6625,3,315037,0,S,"Smiljanic, Mr. Mile",0,male,0,0,No
24,$12.8542,3,347468,0,S,"Augustsson, Mr. Albert",23,male,0,0,No
25,$13.1125,3,65306,0,S,"Johannesen-Bratthammer, Mr. Bernt",0,male,0,0,Yes
26,$12.925,3,STON/O 2. 3101280,0,S,"Sivola, Mr. Antti Wilhelm",21,male,0,0,No
27,$19.4542,3,2691,0,C,"Barbara, Miss. Saiide",18,female,0,1,No
28,$32.75,2,C.A. 34651,0,S,"West, Miss. Constance Mirium",5,female,1,2,Yes
29,$19.5,3,358585,0,S,"Patchett, Mr. George",19,male,0,0,No
30,$13.05,3,A./5. 2152,0,S,"Cann, Mr. Ernest Charles",21,male,0,0,No
31,$18.8625,2,SC/PARIS 2146,0,C,"Padro y Manent, Mr. Julian",0,male,0,0,Yes
32,$13.05,3,A4. 54510,0,S,"Moore, Mr. Leonard Charles",0,male,0,0,No
33,$40.5,1,113788,A6,S,"Sloper, Mr. William Thompson",28,male,0,0,Yes
34,$18,2,250653,0,S,"Hale, Mr. Reginald",30,male,0,0,No
35,$61.4958,3,1601,0,S,"Lang, Mr. Fang",26,male,0,0,Yes
36,$18,2,236852,0,S,"Bystrom, Mrs. (Karolina)",42,female,0,0,Yes
37,$21.1,3,376564,0,S,"Thorneycroft, Mr. Percival",0,male,1,0,No
38,$14.5875,3,4134,0,S,"Turkula, Mrs. (Hedwig)",63,female,0,0,Yes
39,$11.75,3,365222,0,Q,"Burke, Mr. Jeremiah",19,male,0,0,No
40,$15.5,2,C.A. 33111,0,S,"Jenkin, Mr. Stephen Curnow",32,male,0,0,No
41,$74.55,3,CA. 2343,0,S,"Sage, Miss. Constance Gladys",0,female,8,2,No
42,$12.775,3,347071,0,S,"Lindahl, Miss. Agda Thorilda Viktoria",25,female,0,0,No
43,$12.7333,3,A/5. 13032,0,Q,"Charters, Mr. David",21,male,0,0,No
44,$12.75,3,370370,0,Q,"Madigan, Miss. Margaret ""Maggie""",0,female,0,0,Yes
45,$12.75,3,14312,0,Q,"Kelly, Miss. Mary",0,female,0,0,Yes
46,$30.4667,3,4133,0,S,"Lefebre, Miss. Jeannie",0,female,3,1,No
47,$21.1,3,376564,0,S,"Thorneycroft, Mrs. Percival (Florence Kate White)",0,female,1,0,Yes
48,$20.9,3,C.A. 37671,0,S,"Coutts, Master. Eden Leslie ""Neville""",9,male,1,1,Yes
49,$27.025,3,315153,0,S,"Kink-Heilmann, Miss. Luise Gretchen",4,female,0,2,Yes
50,$14.5,3,345779,0,S,"Sheerlinck, Mr. Jan Baptist",29,male,0,0,Yes
51,$12.8958,3,349233,0,S,"Mineff, Mr. Ivan",24,male,0,0,No
52,$12.65,3,348123,F G73,S,"Moen, Mr. Sigurd Hansen",25,male,0,0,No
53,$70,2,220845,0,S,"Herman, Mrs. Samuel (Jane Laver)",48,female,1,2,Yes
54,$13.05,3,A.5. 11206,0,S,"Meo, Mr. Alfonzo",55.5,male,0,0,No
55,$13.6625,3,315093,0,S,"Calic, Mr. Jovo",17,male,0,0,No
56,$98.5,1,12749,B69,S,"Hays, Mrs. Charles Melville (Clara Jennings Gregg)",52,female,1,1,Yes
57,$31.3875,1,PC 17474,E25,S,"Flynn, Mr. John Irwin (""Irving"")",36,male,0,0,Yes
58,$26,2,11668,0,S,"Turpin, Mrs. William John Robert (Dorothy Ann Wonnacott)",27,female,1,0,No
59,$68.3583,1,PC 17759,D10 D12,C,"Greenfield, Mr. William Bertram",23,male,0,1,Yes
60,$12.25,3,A/5 21174,0,S,"Perkin, Mr. John Henry",22,male,0,0,No
61,$17,2,SC 1748,0,C,"Lehmann, Miss. Bertha",17,female,0,0,Yes
62,$12.25,3,C 7077,0,S,"Landergren, Miss. Aurora Adelia",22,female,0,0,Yes
63,$12.5208,3,350060,0,S,"Karlsson, Mr. Nils August",22,male,0,0,No
64,$26.6792,3,2662,0,C,"Samaan, Mr. Youssef",0,male,2,0,No
65,$13.05,3,342826,0,S,"Sawyer, Mr. Frederick Charles",24.5,male,0,0,No
66,$60.4417,1,11765,E50,C,"Harder, Mr. George Achilles",25,male,1,0,Yes
67,$13.6625,3,315090,0,S,"Culumovic, Mr. Jeso",17,male,0,0,No
68,$169.8667,1,36928,C7,S,"Wick, Miss. Mary Natalie",31,female,0,2,Yes
69,$12.775,3,347063,0,S,"Johansson, Mr. Karl Johan",31,male,0,0,No
70,$40.5,1,13213,A26,C,"Simonius-Blumer, Col. Oberst Alfons",56,male,0,0,Yes
71,$14,3,345765,0,S,"Vander Cruyssen, Mr. Victor",47,male,0,0,No
72,$33.5,1,113043,C124,S,"Partner, Mr. Austen",45.5,male,0,0,No
73,$139.5,1,16966,E34,C,"Spedden, Mrs. Frederic Oakley (Margaretta Corning Stone)",40,female,1,1,Yes
74,$13.05,3,SOTON/OQ 392089,0,S,"Sunderland, Mr. Victor Francis",16,male,0,0,Yes
75,$5,2,239853,0,S,"Parkes, Mr. Francis ""Frank""",0,male,0,0,No
76,$12.2292,3,2687,0,C,"Ayoub, Miss. Banoura",13,female,0,0,Yes
77,$5,2,239854,0,S,"Frost, Mr. Anthony Wood ""Archie""",0,male,0,0,No
78,$12.925,3,3101277,0,S,"Gustafsson, Mr. Johan Birger",28,male,2,0,No
79,$31.55,1,113807,0,S,"Wright, Mr. George",62,male,0,0,No
80,$17.35,2,219533,0,Q,"Kirkland, Rev. Charles Leonard",57,male,0,0,No
81,$32,2,243847,0,S,"Jacobsohn, Mr. Sidney Samuel",42,male,1,0,No
82,$44,2,230136,F4,S,"Becker, Miss. Marion Louise",4,female,2,1,Yes
83,$19.4542,3,2665,0,C,"Zabour, Miss. Hileni",14.5,female,1,0,No
84,$51.9,3,CA 2144,0,S,"Goodwin, Mr. Charles Edward",14,male,5,2,No
85,$19.5,3,A/5. 851,0,S,"van Billiard, Mr. Austin Blyler",40.5,male,0,2,No
86,$22.8,3,349237,0,S,"Arnold-Franchi, Mrs. Josef (Josefine Franchi)",18,female,1,0,No
87,$15.5,2,C.A. 18723,0,S,"Kvillner, Mr. Johan Henrik Johannesson",31,male,0,0,No
88,$21.1,3,386525,0,S,"Davison, Mrs. Thomas Henry (Mary E Finck)",0,female,1,0,Yes
89,$16.5,2,29104,0,S,"Hocking, Mr. Richard George",23,male,2,1,No
90,$13.6625,3,315084,0,S,"Cacic, Miss. Marija",30,female,0,0,No
91,$24.2583,3,2666,0,C,"Baclini, Miss. Eugenie",0.75,female,2,1,Yes
92,$15.5167,3,7552,0,S,"Dahlberg, Miss. Gerda Ulrika",22,female,0,0,No
93,$268,1,19950,C23 C25 C27,S,"Fortune, Mr. Mark",64,male,1,4,No
94,$20.2458,3,2661,0,C,"Moubarek, Master. Halim Gonios (""William George"")",0,male,1,1,Yes
95,$12.05,3,SOTON/O.Q. 3101306,0,S,"Goncalves, Mr. Manuel Estanslas",38,male,0,0,No
96,$12.75,3,367232,0,Q,"Farrell, Mr. James",40.5,male,0,0,No
97,$12.25,3,A/4. 34244,0,S,"Wiseman, Mr. Phillippe",0,male,0,0,No
98,$12.775,3,347074,0,S,"Eklund, Mr. Hans Linus",16,male,0,0,No
99,$18,2,250647,0,S,"Ponesell, Mr. Martin",34,male,0,0,No
100,$12.125,3,STON/O 2. 3101274,0,S,"Kallio, Mr. Nikolai Erland",17,male,0,0,No
101,$19.5,3,A/5. 3337,0,S,"Robins, Mrs. Alexander A (Grace Charity Laury)",47,female,1,0,No
102,$39.375,3,W./C. 6608,0,S,"Ford, Miss. Robina Maggie ""Ruby""",9,female,2,2,No
103,$12.225,3,2624,0,C,"Lahoud, Mr. Sarkis",0,male,0,0,No
104,$56.8625,1,17464,D21,S,"Kenyon, Mrs. Frederick R (Marion)",0,female,1,0,Yes
105,$35,1,113501,D6,S,"Long, Mr. Milton Clyde",29,male,0,0,No
106,$138.65,1,PC 17611,0,S,"Frauenthal, Mrs. Henry William (Clara Heinsheimer)",0,female,1,0,Yes
107,$20.05,2,SC/PARIS 2131,0,C,"Pernot, Mr. Rene",0,male,0,0,No
108,$12.75,3,370372,0,Q,"McMahon, Mr. Martin",0,male,0,0,No
109,$15.5,2,C.A. 24579,0,S,"Wheadon, Mr. Edward H",66,male,0,0,No
110,$15.5,2,C.A. 29395,F33,S,"Nye, Mrs. (Elizabeth Ramell)",29,female,0,0,Yes
111,$26,2,F.C.C. 13528,0,S,"Cameron, Miss. Clear Annie",35,female,0,0,Yes
112,$12.2292,3,2686,0,C,"Doharr, Mr. Tannous",0,male,0,0,No
113,$21.1,3,54636,0,S,"Bowen, Mr. David John ""Dai""",21,male,0,0,No
114,$12.7375,3,36866,0,Q,"Mannion, Miss. Margareth",0,female,0,0,Yes
115,$29,2,P/PP 3381,0,C,"Abelson, Mr. Samuel",30,male,1,0,No
116,$44.6875,3,3101295,0,S,"Panula, Master. Urho Abraham",2,male,4,1,No
117,$13.05,3,364506,0,S,"Morley, Mr. William",34,male,0,0,No
118,$18,2,248740,0,S,"Collander, Mr. Erik Gustaf",28,male,0,0,No
119,$31.25,2,C.A. 31921,0,S,"Collyer, Miss. Marjorie ""Lottie""",8,female,0,2,Yes
120,$29.15,3,371110,0,Q,"Moran, Mr. Daniel J",0,male,1,0,No
121,$31.25,2,C.A. 31921,0,S,"Collyer, Mr. Harvey",31,male,1,1,No
122,$12.8542,3,350404,0,S,"Klasen, Mr. Klas Albin",18,male,1,1,No
123,$12.75,3,364848,0,Q,"Bourke, Miss. Mary",0,female,0,2,No
124,$12.775,3,347060,0,S,"Svensson, Mr. Johan",74,male,0,0,No
125,$22.4,3,345572,0,S,"de Messemaeker, Mrs. Guillaume Joseph (Emma)",36,female,1,0,Yes
126,$81.7292,1,PC 17572,D49,C,"Hassab, Mr. Hammad",27,male,0,0,Yes
127,$15.5,2,34218,E101,S,"Troutt, Miss. Edwina Celia ""Winnie""",27,female,0,0,Yes
128,$12.925,3,3101281,0,S,"Andersson, Miss. Erna Alexandra",17,female,4,2,Yes
129,$62.9792,1,111361,B18,C,"Hippach, Miss. Jean Gertrude",16,female,0,1,Yes
130,$12.125,3,STON/O 2. 3101275,0,S,"Maenpaa, Mr. Matti Alexanteri",22,male,0,0,No
131,$84.2,1,PC 17593,B82 B84,C,"Guggenheim, Mr. Benjamin",46,male,0,0,No
132,$20.5,3,364849,0,Q,"Bourke, Mr. John",40,male,1,1,No
133,$91.5,1,110152,B79,S,"Maioni, Miss. Roberta",16,female,0,0,Yes
134,$11.2375,3,345364,0,S,"Nysveen, Mr. Johan Hansen",61,male,0,0,No
135,$61.9292,1,PC 17485,A20,C,"Duff Gordon, Sir. Cosmo Edmund (""Mr Morgan"")",49,male,1,0,Yes
136,$38.5,1,111240,B19,S,"Van der hoef, Mr. Wyckoff",61,male,0,0,No
137,$12.8542,3,350407,0,S,"Olsson, Miss. Elina",31,female,0,0,No
138,$25.525,3,363291,0,S,"Goldsmith, Master. Frank John William ""Frankie""",9,male,0,2,Yes
139,$18,2,28228,0,S,"Matthews, Mr. William John",30,male,0,0,No
140,$25.525,3,363291,0,S,"Goldsmith, Mrs. Frank John (Emily Alice Brown)",31,female,1,1,Yes
141,$12.75,3,9234,0,Q,"Kelly, Miss. Anna Katherine ""Annie Kate""",0,female,0,0,Yes
142,$20.55,3,349910,0,S,"Lindell, Mr. Edvard Bengtsson",36,male,1,0,No
143,$38,2,248727,0,S,"Harper, Rev. John",28,male,0,1,No
144,$31.25,2,F.C.C. 13529,0,S,"Hart, Miss. Eva Miriam",7,female,0,2,Yes
145,$61.4958,3,1601,0,S,"Bing, Mr. Lee",32,male,0,0,Yes
146,$87.1708,1,PC 17604,0,C,"Meyer, Mr. Edgar Joseph",28,male,1,0,No
147,$18,2,28213,0,S,"Otter, Mr. Richard",39,male,0,0,No
148,$34,2,248738,0,S,"Caldwell, Master. Alden Gates",0.83,male,0,2,Yes
149,$13.05,3,SOTON/OQ 392082,0,S,"Simmons, Mr. John",0,male,0,0,No
150,$30.5875,1,5727,E58,S,"Colley, Mr. Edward Pomeroy",47,male,0,0,No
151,$28,2,29105,0,S,"Hocking, Mrs. Elizabeth (Eliza Needs)",54,female,1,3,Yes
152,$46.5792,2,SC/Paris 2123,0,C,"Laroche, Miss. Simonne Marie Anne Andree",3,female,1,2,Yes
153,$18.5,2,223596,0,S,"Kelly, Mrs. Florence ""Fannie""",45,female,0,0,Yes
154,$13.05,3,A.5. 18509,0,S,"Somerton, Mr. Francis William",30,male,0,0,No
155,$17.65,2,240929,0,S,"Trout, Mrs. William H (Jessie L)",28,female,0,0,Yes
156,$20.0458,2,SC/PARIS 2133,0,C,"Richard, Mr. Emile",23,male,0,0,No
157,$12.55,3,W./C. 6609,0,S,"Harknett, Miss. Alice Phoebe",0,female,0,0,No
158,$24.5,2,250644,0,S,"Mellinger, Mrs. (Elizabeth Anne Maidment)",41,female,0,1,Yes
159,$12.75,3,347081,0,S,"Nysten, Miss. Anna Sofia",22,female,0,0,Yes
160,$12.775,3,312993,0,S,"Rommetvedt, Mr. Knud Paust",0,male,0,0,No
161,$26,2,31027,0,S,"Renouf, Mr. Peter Henry",34,male,1,0,No
162,$12.8958,3,349219,0,S,"Danoff, Mr. Yoto",27,male,0,0,No
163,$16.2417,3,2651,0,C,"Nicola-Yarred, Master. Elias",12,male,1,0,Yes
164,$10,1,695,B51 B53 B55,S,"Carlsson, Mr. Frans Olof",33,male,0,0,No
165,$31.25,2,F.C.C. 13529,0,S,"Hart, Mr. Benjamin",43,male,1,1,No
166,$268,1,19950,C23 C25 C27,S,"Fortune, Miss. Mabel Helen",23,female,3,2,Yes
167,$23,3,345764,0,S,"Vander Planke, Mr. Leo Edmondus",16,male,2,0,No
168,$12.75,3,347073,0,S,"Lindblom, Miss. Augusta Charlotta",45,female,0,0,No
169,$44.4,1,PC 17592,D28,S,"Lines, Miss. Mary Conover",16,female,0,1,Yes
170,$31,2,239865,0,S,"Fynney, Mr. Joseph J",35,male,0,0,No
171,$31,2,230433,0,S,"Shelley, Mrs. William (Imanita Parrish Hall)",25,female,0,1,Yes
172,$19.5,2,250649,0,S,"Hamalainen, Mrs. William (Anna)",24,female,0,2,Yes
173,$71.6,1,113776,C2,S,"Pears, Mr. Thomas Clinton",29,male,1,0,No
174,$58.1,1,113773,D30,S,"Marvin, Mr. Daniel Warner",19,male,1,0,No
175,$20.1,3,C.A. 6212,0,S,"Shellard, Mr. Frederick William",0,male,0,0,No
176,$12.8542,3,347464,0,S,"Olsson, Mr. Nils Johan Goransson",28,male,0,0,No
177,$31.55,1,111428,0,S,"Romaine, Mr. Charles Hallace (""Mr C Rolmane"")",45,male,0,0,Yes
178,$12.775,3,347076,0,S,"Petterson, Mr. Johan Emil",25,male,1,0,No
179,$12.8542,3,350050,0,S,"Jensen, Mr. Hans Peder",20,male,0,0,No
180,$12.8292,3,330979,0,Q,"O'Brien, Mr. Timothy",0,male,0,0,No
181,$268,1,19950,C23 C25 C27,S,"Fortune, Mr. Charles Alexander",19,male,3,2,No
182,$27.525,3,C 4001,0,S,"Olsen, Mr. Henry Margido",28,male,0,0,No
183,$12.775,3,347067,0,S,"Larsson, Mr. Bengt Edvin",29,male,0,0,No
184,$58.1,1,113806,E8,S,"Chambers, Mr. Norman Campbell",27,male,1,0,Yes
185,$12.2292,3,2700,0,C,"Kassem, Mr. Fared",0,male,0,0,No
186,$31,1,113056,A19,S,"Smith, Mr. Richard William",0,male,0,0,No
187,$55,1,113767,A32,S,"Rood, Mr. Hugh Roscoe",0,male,0,0,No
188,$13.05,3,343095,0,S,"Meek, Mrs. Thomas (Annie Louise Rowley)",0,female,0,0,No
189,$34.125,3,382652,0,Q,"Rice, Master. George Hugh",8,male,4,1,No
190,$12.0542,3,350048,0,S,"Jensen, Mr. Svend Lauritz",17,male,1,0,No
191,$14.475,3,7546,0,S,"Ahlin, Mrs. Johan (Johanna Persdotter Larsson)",40,female,1,0,No
192,$5,2,239855,0,S,"Knight, Mr. Robert J",0,male,0,0,No
193,$12.75,3,382651,0,Q,"Daly, Mr. Eugene Patrick",29,male,0,0,Yes
194,$11.975,3,347061,0,S,"Ekstrom, Mr. Johan",45,male,0,0,No
195,$20.85,3,3101278,0,S,"Backstrom, Mr. Karl Alfred",32,male,1,0,No
196,$20.5,3,370365,0,Q,"O'Brien, Mrs. Thomas (Johanna ""Hannah"" Godfrey)",0,female,1,0,Yes
197,$12.925,3,STON/O 2. 3101293,0,S,"Tikkanen, Mr. Juho",32,male,0,0,No
198,$12.75,3,383121,F38,Q,"Tobin, Mr. Roger",0,male,0,0,No
199,$21.7,3,PP 9549,G6,S,"Sandstrom, Mrs. Hjalmar (Agnes Charlotta Bengtsson)",24,female,0,2,Yes
200,$16.2417,3,2651,0,C,"Nicola-Yarred, Miss. Jamila",14,female,1,0,Yes
201,$15.5,2,C.A. 24580,0,S,"Mitchell, Mr. Henry Michael",70,male,0,0,No
202,$12.8958,3,349223,0,S,"Radeff, Mr. Alexander",0,male,0,0,No
203,$27.3583,3,2668,0,C,"Peter, Mrs. Catherine (Catherine Rizk)",0,female,0,2,Yes
204,$61.4958,3,1601,0,S,"Ling, Mr. Lee",28,male,0,0,No
205,$78.5,2,S.O.C. 14879,0,S,"Davies, Mr. Charles Henry",18,male,0,0,No
206,$62.9792,1,111361,B18,C,"Hippach, Mrs. Louis Albert (Ida Sophia Fischer)",44,female,0,1,Yes
207,$46.5792,2,SC/Paris 2123,0,C,"Laroche, Mr. Joseph Philippe Lemercier",25,male,1,2,No
208,$16.1333,3,347742,0,S,"Johnson, Miss. Eleanor Ileen",1,female,1,1,Yes
209,$28.25,3,367226,0,Q,"McCoy, Miss. Agnes",0,female,2,0,Yes
210,$12.775,3,312991,0,S,"Moss, Mr. Albert Johan",0,male,0,0,Yes
211,$88.475,1,36973,C83,S,"Harris, Mrs. Henry Birkhardt (Irene Wallach)",35,female,1,0,Yes
212,$12.8958,3,349203,0,S,"Dantcheff, Mr. Ristiu",25,male,0,0,No
213,$216.5,1,113503,C82,C,"Widener, Mr. Harry Elkins",27,male,0,2,No
214,$57,1,110465,C110,S,"Porter, Mr. Walter Chamberlain",47,male,0,0,No
215,$31,2,28403,0,S,"Downton, Mr. William James",54,male,0,0,No
216,$36.275,3,347082,0,S,"Andersson, Mrs. Anders Johan (Alfrida Konstantia Brogren)",39,female,1,5,No
217,$18,2,28425,0,S,"Berriman, Mr. William John",23,male,0,0,No
218,$12.725,3,36209,0,Q,"Scanlan, Mr. James",0,male,0,0,No
219,$74.3,1,PC 17477,B35,C,"Sagesser, Mlle. Emma",24,female,0,0,Yes
220,$15.5,2,W/C 14208,0,S,"Harris, Mr. Walter",30,male,0,0,No
221,$39.6542,1,PC 17754,A5,C,"Goldschmidt, Mr. George B",71,male,0,0,No
222,$12.8958,3,349227,0,S,"Plotcharsky, Mr. Vasil",0,male,0,0,No
223,$31,2,SC/AH 3085,0,S,"Louch, Mrs. Charles Alexander (Alice Adelaide Slow)",42,female,1,0,Yes
224,$44.6875,3,3101295,0,S,"Panula, Mr. Jaako Arnold",14,male,4,1,No
225,$13.4042,3,4579,0,S,"Olsen, Mr. Karl Siegwart Andreas",42,male,0,1,No
226,$158.4625,1,PC 17582,C125,S,"Shutes, Miss. Elizabeth W",40,female,0,0,Yes
227,$118.275,1,35273,D48,C,"Newell, Mr. Arthur Webster",58,male,0,2,No
228,$18,2,29751,0,S,"Eitemiller, Mr. George Floyd",23,male,0,0,No
229,$12.6292,3,330909,0,Q,"O'Sullivan, Miss. Bridget Mary",0,female,0,0,No
230,$5,3,LINE,0,S,"Johnson, Mr. Alfred",49,male,0,0,No
231,$29.15,3,A/4 48871,0,S,"Davies, Mr. Alfred J",24,male,2,0,No
232,$12.8958,3,349214,0,S,"Slabenoff, Mr. Petco",0,male,0,0,No
233,$11.975,3,347089,0,S,"Hedman, Mr. Oskar Arvid",27,male,0,0,Yes
234,$13.0292,3,330923,0,Q,"McGowan, Miss. Anna ""Annie""",15,female,0,0,Yes
235,$12.8958,3,349249,0,S,"Rekic, Mr. Tido",38,male,0,0,No
236,$15.5,2,C.A. 31026,0,S,"Rugg, Miss. Emily",21,female,0,0,Yes
237,$20.9,3,C.A. 37671,0,S,"Coutts, Master. William Loch ""William""",3,male,1,1,Yes
238,$39.375,3,W./C. 6608,0,S,"Ford, Mrs. Edward (Margaret Ann Watson)",48,female,1,3,No
239,$14.825,3,4137,0,S,"Jussila, Miss. Mari Aina",21,female,1,0,No
240,$61.4958,3,1601,0,S,"Lam, Mr. Ali",0,male,0,0,Yes
241,$12.8958,3,349206,0,S,"Naidenoff, Mr. Penko",22,male,0,0,No
242,$25.25,3,C.A. 2673,0,S,"Abbott, Mrs. Stanton (Rosa Hunt)",35,female,1,1,Yes
243,$18,2,236171,0,S,"Fahlstrom, Mr. Arne Jonas",18,male,0,0,No
244,$88.475,1,36973,C83,S,"Harris, Mr. Henry Birkhardt",45,male,1,0,No
245,$12.8958,3,349217,0,S,"Laleff, Mr. Kristo",0,male,0,0,No
246,$83.85,1,19877,C46,S,"Cavendish, Mr. Tyrell William",36,male,1,0,No
247,$24.2583,3,2666,0,C,"Baclini, Mrs. Solomon (Latifa Qurban)",24,female,0,3,Yes
248,$13.05,3,7598,0,S,"Dahl, Mr. Karl Edwart",45,male,0,0,Yes
249,$13.05,3,SOTON/O.Q. 392087,0,S,"Meanwell, Miss. (Marion Ogden)",0,female,0,0,No
250,$43.5,1,111320,E63,S,"Gee, Mr. Arthur H",47,male,0,0,No
251,$20,2,237565,0,S,"Jarvis, Mr. John Denzil",47,male,0,0,No
252,$76,1,WE/P 5735,B22,S,"Crosby, Capt. Edward Gifford",70,male,1,1,No
253,$12.225,3,2649,0,C,"Masselmani, Mrs. Fatima",0,female,0,0,Yes
254,$125,1,113760,B96 B98,S,"Carter, Master. William Thornton II",11,male,1,2,Yes
255,$13.5167,3,2625,0,C,"Thomas, Master. Assad Alexander",0.42,male,0,1,Yes
256,$42.0042,2,S.C./PARIS 2079,0,C,"Mallet, Mr. Albert",31,male,1,1,No
257,$18,2,237671,0,S,"Funk, Miss. Annie Clemmer",38,female,0,0,No
258,$57,1,113789,0,S,"Holverson, Mrs. Alexander Oskar (Mary Aline Towner)",35,female,1,0,Yes
259,$25.25,3,C.A. 2673,0,S,"Abbott, Mr. Rossmore Edward",16,male,1,1,No
260,$12.8542,3,350025,0,S,"Hansen, Mr. Henrik Juul",26,male,1,0,No
261,$58.1,1,113806,E8,S,"Chambers, Mrs. Norman Campbell (Bertha Griggs)",33,female,1,0,Yes
262,$66.9792,1,113509,B30,C,"Ostby, Mr. Engelhart Cornelius",65,male,0,1,No
263,$34.125,3,382652,0,Q,"Rice, Master. Eugene",2,male,4,1,No
264,$54.5042,1,PC 17482,C90,C,"Mayne, Mlle. Berthe Antonine (""Mrs de Villiers"")",24,female,0,0,Yes
265,$57.5542,1,11751,D35,S,"Beckwith, Mr. Richard Leonard",37,male,1,1,Yes
266,$12.8958,3,349234,0,S,"Nenkoff, Mr. Christo",0,male,0,0,No
267,$13.05,3,21440,0,S,"Green, Mr. George Henry",51,male,0,0,No
268,$15.5,2,F.C.C. 13531,0,S,"Toomey, Miss. Ellen",50,female,0,0,Yes
269,$15.5,2,C.A. 34260,F33,S,"Lemore, Mrs. (Amelia Milley)",34,female,0,0,Yes
270,$78.5,2,S.O.C. 14879,0,S,"Hood, Mr. Ambrose Jr",21,male,0,0,No
271,$70,2,220845,0,S,"Herman, Miss. Alice",24,female,1,2,Yes
272,$31.55,1,113050,B38,S,"Butt, Major. Archibald Willingham",45,male,0,0,No
273,$232.525,1,PC 17757,0,C,"Robbins, Mr. Victor",0,male,0,0,No
274,$31,2,250655,0,S,"Morley, Mr. Henry Samuel (""Mr Henry Marshall"")",39,male,0,0,No
275,$12.1417,3,C 17369,0,S,"Madsen, Mr. Fridtjof Arne",24,male,0,0,Yes
276,$25.2125,3,370129,0,S,"Rosblom, Mr. Viktor Richard",18,male,1,1,No
277,$13.3625,3,8471,0,S,"Gronnestad, Mr. Daniel Danielsen",32,male,0,0,No
278,$15.5,2,244278,0,S,"Pain, Dr. Alfred",23,male,0,0,No
279,$23.7875,3,2699,0,C,"Hassan, Mr. Houssein G N",11,male,0,0,No
280,$252.5208,1,PC 17558,B58 B60,C,"Baxter, Mrs. James (Helene DeLaudeniere Chaput)",50,female,0,1,Yes
281,$34.7,1,11771,B37,C,"Kent, Mr. Edward Austin",58,male,0,0,No
282,$29.15,3,345773,0,S,"Van Impe, Mrs. Jean Baptiste (Rosalie Paula Govaert)",30,female,1,1,No
283,$232.525,1,PC 17757,C62 C64,C,"Astor, Mrs. John Jacob (Madeleine Talmadge Force)",18,female,1,0,Yes
284,$12.8958,3,349240,0,C,"Jalsevac, Mr. Ivan",29,male,0,0,Yes
285,$12.75,3,370376,0,Q,"Dooley, Mr. Patrick",32,male,0,0,No
286,$37.5,2,28220,0,S,"Drew, Mrs. James Vivian (Lulu Thorne Christian)",34,female,1,1,Yes
287,$115.8833,1,17421,C70,C,"Thayer, Mr. John Borland Jr",17,male,0,2,Yes
288,$57,1,110465,A14,S,"Clifford, Mr. George Quincy",0,male,0,0,No
289,$51.9,3,CA 2144,0,S,"Goodwin, Master. Harold Victor",9,male,5,2,No
290,$13.6625,3,349239,0,C,"Stankovic, Mr. Ivan",33,male,0,0,No
291,$32.75,2,C.A. 34651,0,S,"West, Mrs. Edwy Arthur (Ada Mary Worth)",33,female,1,2,Yes
292,$12.75,3,370375,0,Q,"Healy, Miss. Hanora ""Nora""",0,female,0,0,Yes
293,$57.5542,1,11753,D19,S,"Kimball, Mr. Edwin Nelson Jr",42,male,1,0,Yes
294,$12.925,3,STON/O2. 3101282,0,S,"Heikkinen, Miss. Laina",26,female,0,0,Yes
295,$17.35,2,234818,0,Q,"Slayter, Miss. Hilda Mary",30,female,0,0,Yes
296,$84.2,1,13567,B41,C,"Frolicher-Stehli, Mr. Maxmillian",60,male,1,1,Yes
297,$16.5,2,231945,0,S,"Andrew, Mr. Edgardo Samuel",18,male,0,0,No
298,$31,2,2908,0,S,"Beane, Mrs. Edward (Ethel Clarke)",19,female,1,0,Yes
299,$14.8417,3,4138,0,S,"Turja, Miss. Anna Sofia",18,female,0,0,Yes
300,$140.6333,1,PC 17760,0,C,"Ringhini, Mr. Sante",22,male,0,0,No
301,$74.3,1,PC 17477,B35,C,"Aubart, Mme. Leontine Pauline",24,female,0,0,Yes
302,$31,2,244367,0,S,"Kantor, Mr. Sinai",34,male,1,0,No
303,$232.525,1,PC 17757,0,C,"Bidois, Miss. Rosalie",42,female,0,0,Yes
304,$16.5,2,28134,0,S,"Giles, Mr. Frederick Edward",21,male,1,0,No
305,$81.2917,1,11813,D15,C,"Bazzani, Miss. Albina",32,female,0,0,Yes
306,$37.3208,1,36963,D50,S,"Sutton, Mr. Frederick",61,male,0,0,No
307,$16.5,2,29108,0,S,"Bailey, Mr. Percy Andrew",18,male,0,0,No
308,$31,2,230080,F2,S,"Navratil, Master. Michel M",3,male,1,1,Yes
309,$44,2,29750,0,S,"Brown, Mrs. Thomas William Solomon (Elizabeth Catherine Ford)",40,female,1,1,Yes
310,$31.25,2,C.A. 31921,0,S,"Collyer, Mrs. Harvey (Charlotte Annie Tate)",31,female,1,1,Yes
311,$12.8542,3,347466,0,S,"Andreasson, Mr. Paul Edvin",20,male,0,0,No
312,$14.8375,3,7553,0,S,"Strandberg, Miss. Ida Sofia",22,female,0,0,No
313,$18,2,C.A. 29178,0,S,"Sobey, Mr. Samuel James Hayden",25,male,0,0,No
314,$267.375,1,PC 17608,B57 B59 B63 B66,C,"Ryerson, Miss. Emily Borie",18,female,2,2,Yes
315,$13.3,3,2223,0,S,"Allum, Mr. Owen George",18,male,0,0,No
316,$12.65,3,348121,F G63,S,"Humblen, Mr. Adolf Mathias Nicolai Olsen",42,male,0,0,No
317,$12.3125,3,Fa 265302,0,S,"Olsen, Mr. Ole Martin",0,male,0,0,No
318,$12.8958,3,349221,0,S,"Mitkoff, Mr. Mito",0,male,0,0,No
319,$12.8542,3,350406,0,S,"Vestrom, Miss. Hulda Amanda Adolfina",14,female,0,0,No
320,$76,1,WE/P 5735,B22,S,"Crosby, Miss. Harriet R",36,female,0,2,Yes
321,$12.2292,3,2695,0,C,"Elias, Mr. Tannous",15,male,1,1,No
322,$31,2,244252,0,S,"Carter, Rev. Ernest Courtenay",54,male,1,0,No
323,$84.2,1,PC 17593,B86,C,"Giglio, Mr. Victor",24,male,0,0,No
324,$12.8958,3,349212,0,S,"Petroff, Mr. Nedelio",19,male,0,0,No
325,$13.05,3,A/5 3536,0,S,"Cook, Mr. Jacob",43,male,0,0,No
326,$36.275,3,347082,0,S,"Andersson, Miss. Sigrid Elisabeth",11,female,4,2,No
327,$24.9667,3,65304,0,S,"Hagland, Mr. Konrad Mathias Reiersen",0,male,1,0,No
328,$17.275,2,SCO/W 1585,0,S,"Hunt, Mr. George Henry",33,male,0,0,No
329,$84.65,1,110413,E67,S,"Taussig, Mrs. Emil (Tillie Mandelbaum)",39,female,1,1,Yes
330,$12.7417,3,36864,0,Q,"Gallagher, Mr. Martin",25,male,0,0,No
331,$14.2167,3,7534,0,S,"Osen, Mr. Olaf Elon",16,male,0,0,No
332,$138.65,1,PC 17611,0,S,"Frauenthal, Dr. Henry William",50,male,2,0,Yes
333,$74.55,3,CA. 2343,0,S,"Sage, Mr. Douglas Bullen",0,male,8,2,No
334,$32.9,3,347088,0,S,"Skoog, Miss. Margit Elizabeth",2,female,3,2,No
335,$88.1583,1,11767,C50,C,"Potter, Mrs. Thomas Jr (Lily Alexenia Wilson)",56,female,0,1,Yes
336,$12.05,3,SOTON/O.Q. 3101310,0,S,"Asim, Mr. Adola",35,male,0,0,No
337,$32.7208,1,PC 17612,0,C,"Lewy, Mr. Ervin G",0,male,0,0,No
338,$51.9,3,CA 2144,0,S,"Goodwin, Mrs. Frederick (Augusta Tyler)",43,female,1,6,No
339,$5,1,112058,B102,S,"Fry, Mr. Richard",0,male,0,0,No
340,$12.8958,3,349253,0,C,"Kraeff, Mr. Theodor",0,male,0,0,No
341,$31.55,1,113055,E17,S,"Daly, Mr. Peter Denis ",51,male,0,0,Yes
342,$35,1,112053,B42,S,"Graham, Miss. Margaret Edith",19,female,0,0,Yes
343,$13.1583,3,S.P. 3464,0,S,"Crease, Mr. Ernest James",19,male,0,0,No
344,$18.5,2,218629,0,S,"Norman, Mr. Robert Douglas",28,male,0,0,No
345,$25.575,3,C.A. 2315,0,S,"Dean, Master. Bertram Vere",1,male,1,2,Yes
346,$29.15,3,371110,0,Q,"Ryan, Mr. Patrick",0,male,0,0,No
347,$20.5,3,36568,0,Q,"McEvoy, Mr. Michael",0,male,0,0,No
348,$19.4542,3,2665,0,C,"Zabour, Miss. Thamine",0,female,1,0,No
349,$12.25,3,374887,0,S,"Harmer, Mr. Abraham (David Lishin)",25,male,0,0,No
350,$113.9,1,PC 17758,C65,C,"Penasco y Castellana, Mr. Victor de Satode",18,male,1,0,No
351,$21.1,3,371362,0,S,"Cribb, Mr. John Hatfield",44,male,0,1,No
352,$84.2,1,PC 17585,0,C,"Thorne, Mrs. Gertrude Maybelle",0,female,0,0,Yes
353,$15.5,2,C.A./SOTON 34068,0,S,"Banfield, Mr. Frederick James",28,male,0,0,No
354,$12.05,3,SOTON/O.Q. 3101312,0,S,"Ali, Mr. William",25,male,0,0,No
355,$151.5208,1,PC 17569,B80,C,"Lurette, Miss. Elise",58,female,0,0,Yes
356,$35,1,111369,C148,C,"Behr, Mr. Karl Howell",26,male,0,0,Yes
357,$31,2,244367,0,S,"Kantor, Mrs. Sinai (Miriam Sternin)",24,female,1,0,Yes
358,$21.1,3,A/5. 3336,0,S,"Lobb, Mrs. William Arthur (Cordelia K Stanlick)",26,female,1,0,No
359,$12.775,3,312992,0,S,"Birkeland, Mr. Hans Martin Monsen",21,male,0,0,No
360,$64.4,1,PC 17603,0,C,"Rothschild, Mrs. Martin (Elizabeth L. Barrett)",54,female,1,0,Yes
361,$30.4667,3,4133,0,S,"Lefebre, Miss. Mathilde",0,female,3,1,No
362,$82.2875,1,35281,D26,S,"White, Mr. Percival Wayland",54,male,0,1,No
363,$12.2292,3,2697,0,C,"Novel, Mr. Mansouer",28.5,male,0,0,No
364,$12.25,3,364500,0,S,"Coxon, Mr. Daniel",59,male,0,0,No
365,$35.6958,1,17764,A7,C,"Smith, Mr. James Clinch",56,male,0,0,No
366,$39.375,3,W./C. 6608,0,S,"Ford, Mr. William Neal",16,male,1,3,No
367,$34.125,3,382652,0,Q,"Rice, Master. Eric",7,male,4,1,No
368,$13.05,3,374746,0,S,"Moutal, Mr. Rahamin Haim",0,male,0,0,No
369,$13.6625,3,315097,0,S,"Pasic, Mr. Jakob",21,male,0,0,No
370,$17.35,2,226593,E101,Q,"Keane, Miss. Nora A",0,female,0,0,Yes
371,$12.2292,3,2677,0,C,"Mamee, Mr. Hanna",0,male,0,0,Yes
372,$36.275,3,347082,0,S,"Andersson, Mr. Anders Johan",39,male,1,5,No
373,$18,2,233639,0,S,"Troupiansky, Mr. Moses Aaron",23,male,0,0,No
374,$216.3375,1,24160,B5,S,"Allen, Miss. Elisabeth Walton",29,female,0,0,Yes
375,$25.2125,3,370129,0,S,"Rosblom, Mrs. Viktor (Helena Wilhelmina)",41,female,0,2,No
376,$12.8958,3,349207,0,S,"Mionoff, Mr. Stoytcho",28,male,0,0,No
377,$12.75,3,336439,0,Q,"Duane, Mr. Frank",65,male,0,0,No
378,$15.5,2,SO/C 14885,0,S,"Ilett, Miss. Bertha",17,female,0,0,Yes
379,$13.05,3,SOTON/OQ 392090,0,S,"Corn, Mr. Harry",30,male,0,0,No
380,$12.775,3,347068,0,S,"Bengtsson, Mr. John Viktor",26,male,0,0,No
381,$13.1375,3,330935,0,Q,"Peters, Miss. Katie",0,female,0,0,No
382,$12.8792,3,330980,0,Q,"Mockler, Miss. Helen Mary ""Ellie""",0,female,0,0,Yes
383,$118.275,1,35273,D36,C,"Newell, Miss. Madeleine",31,female,1,0,Yes
384,$12.7958,3,350043,0,S,"Andersson, Mr. August Edvard (""Wennerstrom"")",27,male,0,0,Yes
385,$16.1333,3,347742,0,S,"Johnson, Master. Harold Theodor",4,male,1,1,Yes
386,$88.1583,1,PC 17756,E49,C,"Compton, Miss. Sara Rebecca",39,female,1,1,Yes
387,$47.4,1,113796,0,S,"Harrington, Mr. Charles H",0,male,0,0,No
388,$31,2,26360,0,S,"Quick, Mrs. Frederick Charles (Jane Richards)",33,female,0,2,Yes
389,$12.2292,3,2629,0,C,"Razi, Mr. Raihed",0,male,0,0,No
390,$31,2,250655,0,S,"Phillips, Miss. Kate Florence (""Mrs Kate Louise Phillips Marshall"")",19,female,0,0,Yes
391,$12.55,3,S.O./P.P. 751,0,S,"Willey, Mr. Edward",0,male,0,0,No
392,$12.8542,3,347470,0,S,"Nilsson, Miss. Helmina Josefina",26,female,0,0,Yes
393,$140.6333,1,PC 17760,C99,S,"Bissette, Miss. Amelia",35,female,0,0,Yes
394,$15.5,2,28206,0,S,"Slemen, Mr. Richard James",35,male,0,0,No
395,$12.8958,3,349247,0,S,"Turcin, Mr. Stjepan",36,male,0,0,No
396,$12.225,3,2672,0,C,"Saad, Mr. Khalil",25,male,0,0,No
397,$26.075,3,349909,0,S,"Palsson, Mrs. Nils (Alma Cornelia Berglund)",29,female,0,4,No
398,$5,2,239853,0,S,"Cunningham, Mr. Alfred Fleming",0,male,0,0,No
399,$12.55,3,CA. 2314,0,S,"Stanley, Miss. Amy Zillah Elsie",23,female,0,0,Yes
400,$12.8792,3,330931,0,Q,"McGovern, Miss. Mary",0,female,0,0,Yes
401,$115.8833,1,17421,C68,C,"Thayer, Mr. John Borland",49,male,1,1,No
402,$12.225,3,2694,0,C,"Attalah, Mr. Sleiman",30,male,0,0,No
403,$12.8958,3,349252,0,S,"Vovk, Mr. Janko",22,male,0,0,No
404,$96.0792,1,11967,B49,C,"Bishop, Mrs. Dickinson H (Helen Walton)",19,female,1,0,Yes
405,$13.05,3,A/5. 10482,0,S,"Dorking, Mr. Edward Arthur",19,male,0,0,Yes
406,$23.75,2,29106,0,S,"Richards, Master. George Sibley",0.83,male,1,1,Yes
407,$12.925,3,STON/O 2. 3101289,0,S,"Niskanen, Mr. Juha",39,male,0,0,Yes
408,$12.8958,3,349222,0,S,"Sdycoff, Mr. Todor",0,male,0,0,No
409,$84.65,1,110413,E67,S,"Taussig, Mr. Emil",52,male,1,1,No
410,$31,2,228414,0,S,"Weisz, Mrs. Leopold (Mathilde Francoise Pede)",29,female,1,0,Yes
411,$12.7292,3,367655,0,Q,"Sadlier, Mr. Matthew",0,male,0,0,No
412,$12.75,3,382649,0,Q,"Henry, Miss. Delia",0,female,0,0,No
413,$32.9,3,347088,0,S,"Skoog, Mrs. William (Anna Bernhardina Karlsson)",45,female,1,4,No
414,$14.5,3,345781,0,S,"Lievens, Mr. Rene Aime",24,male,0,0,No
415,$80.25,1,110813,D37,C,"Warren, Mrs. Frank Manley (Anna Sophia Atkinson)",60,female,1,0,Yes
416,$60,1,113505,E33,S,"Bowerman, Miss. Elsie Edith",22,female,0,1,Yes
417,$12.225,3,2620,0,C,"Leeni, Mr. Fahim (""Philip Zenni"")",22,male,0,0,Yes
418,$81.7292,1,PC 17572,D33,C,"Harper, Mr. Henry Sleeper",48,male,1,0,Yes
419,$32.75,2,C.A. 34651,0,S,"West, Mr. Edwy Arthur",36,male,1,2,No
420,$14.4833,3,7545,0,S,"Larsson, Mr. August Viktor",29,male,0,0,No
421,$87.1708,1,PC 17604,0,C,"Meyer, Mrs. Edgar Joseph (Leila Saks)",0,female,1,0,Yes
422,$20.5,3,370365,0,Q,"O'Brien, Mr. Thomas",0,male,1,0,No
423,$16.1333,3,347742,0,S,"Johnson, Mrs. Oscar W (Elisabeth Vilhelmina Berg)",27,female,0,2,Yes
424,$5,3,LINE,0,S,"Johnson, Mr. William Cahoone Jr",19,male,0,0,No
425,$51.9,3,CA 2144,0,S,"Goodwin, Master. Sidney Leonard",1,male,5,2,No
426,$36.3875,3,347077,0,S,"Asplund, Master. Clarence Gustaf Hugo",9,male,4,2,No
427,$21,2,248706,0,S,"Hewlett, Mrs. (Mary D Kingcome) ",55,female,0,0,Yes
428,$13.05,3,S.C./A.4. 23567,0,S,"Rogers, Mr. William John",0,male,0,0,No
429,$30.925,1,PC 17318,0,S,"Baumann, Mr. John D",0,male,0,0,No
430,$36,1,112277,A31,C,"Blank, Mr. Henry",40,male,0,0,Yes
431,$12.8958,3,349213,0,C,"Markoff, Mr. Marin",35,male,0,0,No
432,$18,2,233866,0,S,"Gill, Mr. John William",24,male,0,0,No
433,$54.5,1,13568,B39,C,"Frolicher, Miss. Hedwig Margaritha",22,female,0,2,Yes
434,$15.5,2,SW/PP 751,0,S,"Mellors, Mr. William John",19,male,0,0,Yes
435,$31.55,1,113783,C103,S,"Bonnell, Miss. Elizabeth",58,female,0,0,Yes
436,$12.55,3,C.A. 5547,0,S,"Abbing, Mr. Anthony",42,male,0,0,No
437,$12.7333,3,334912,0,Q,"O'Connell, Mr. Patrick D",0,male,0,0,No
438,$12.2292,3,2641,0,C,"Toufik, Mr. Nakli",0,male,0,0,No
439,$29.15,3,A/4 48871,0,S,"Lester, Mr. James",39,male,0,0,No
440,$18,2,211536,0,S,"Montvila, Rev. Juozas",27,male,0,0,No
441,$74.55,3,CA. 2343,0,S,"Sage, Miss. Dorothy Edith ""Dolly""",0,female,8,2,No
442,$118.275,1,35273,D36,C,"Newell, Miss. Marjorie",23,female,1,0,Yes
443,$38,2,248727,0,S,"Leitch, Miss. Jessie Wills",0,female,0,0,Yes
444,$95,1,19928,C78,Q,"Minahan, Miss. Daisy E",33,female,1,0,Yes
445,$111.425,1,PC 17761,0,C,"LeRoy, Miss. Bertha",30,female,0,0,Yes
446,$36.275,3,347082,0,S,"Andersson, Miss. Ellis Anna Maria",2,female,4,2,No
447,$74.55,3,CA. 2343,0,S,"Sage, Master. Thomas Henry",0,male,8,2,No
448,$31,2,SC/AH 29037,0,S,"Chapman, Mr. John Henry",37,male,1,0,No
449,$82.9583,1,13502,D9,S,"Longley, Miss. Gretchen Fiske",21,female,0,0,Yes
450,$18,2,229236,0,S,"Fox, Mr. Stanley Hubert",36,male,0,0,No
